title, caption, visual, comedyClass, dramaClass, familyClass, horrorClass, otherClass
Comedy 0,For the Level of Comedy 0,http://www.filmsite.org/images/comedy-genre.jpg,0,null,null,null,null
Comedy 1,For the level of Comedy 1,http://www.filmsite.org/images/comedy-genre.jpg,1,null,null,null,null
Comedy 2,For the level of Comedy 2,http://www.filmsite.org/images/comedy-genre.jpg,2,null,null,null,null
Comedy 3,For the level of Comedy 3,http://www.filmsite.org/images/comedy-genre.jpg,3,null,null,null,null
Comedy 4,For the level of Comedy 4,http://www.filmsite.org/images/comedy-genre.jpg,4,null,null,null,null
Comedy 5,For the level of Comedy 5,http://www.filmsite.org/images/comedy-genre.jpg,5,null,null,null,null
Comedy 6,For the level of Comedy 6,http://www.filmsite.org/images/comedy-genre.jpg,6,null,null,null,null
Comedy 7,For the level of Comedy 7,http://www.filmsite.org/images/comedy-genre.jpg,7,null,null,null,null
Comedy 8,For the level of Comedy  8,http://www.filmsite.org/images/comedy-genre.jpg,8,null,null,null,null
Comedy 9,For the level of Comedy 9,http://www.filmsite.org/images/comedy-genre.jpg,9,null,null,null,null
Drama 0,For the level of Drama 0,http://www.filmsite.org/images/drama-genre.jpg,null,0,null,null,null
Drama 1,For the level of Drama 1,http://www.filmsite.org/images/drama-genre.jpg,null,1,null,null,null
Drama 2,For the level of Drama 2,http://www.filmsite.org/images/drama-genre.jpg,null,2,null,null,null
Drama 3,For the level of Drama 3,http://www.filmsite.org/images/drama-genre.jpg,null,3,null,null,null
Drama 4,For the level of Drama 4,http://www.filmsite.org/images/drama-genre.jpg,null,4,null,null,null
Drama 5,For the level of Drama 5,http://www.filmsite.org/images/drama-genre.jpg,null,5,null,null,null
Drama 6,For the level of Drama 6,http://www.filmsite.org/images/drama-genre.jpg,null,6,null,null,null
Drama 7,For the level of Drama 7,http://www.filmsite.org/images/drama-genre.jpg,null,7,null,null,null
Drama 8,For the level of Drama 8,http://www.filmsite.org/images/drama-genre.jpg,null,8,null,null,null
Drama 9,For the level of Drama 9,http://www.filmsite.org/images/drama-genre.jpg,null,9,null,null,null
Family 0,For the level of Family 0,http://www.filmsite.org/images/childrens-family-genre2.jpg,null,null,0,null,null
Family 1,For the level of Family 1,http://www.filmsite.org/images/childrens-family-genre2.jpg,null,null,1,null,null
Family 2,For the level of Family 2,http://www.filmsite.org/images/childrens-family-genre2.jpg,null,null,2,null,null
Family 3,For the level of Family 3,http://www.filmsite.org/images/childrens-family-genre2.jpg,null,null,3,null,null
Family 4,For the level of Family 4,http://www.filmsite.org/images/childrens-family-genre2.jpg,null,null,4,null,null
Family 5,For the level of Family 5,http://www.filmsite.org/images/childrens-family-genre2.jpg,null,null,5,null,null
Family 6,For the level of Family 6,http://www.filmsite.org/images/childrens-family-genre2.jpg,null,null,6,null,null
Family 7,For the level of Family 7,http://www.filmsite.org/images/childrens-family-genre2.jpg,null,null,7,null,null
Family 8,For the level of Family 8,http://www.filmsite.org/images/childrens-family-genre2.jpg,null,null,8,null,null
Family 9,For the level of Family 9,http://www.filmsite.org/images/childrens-family-genre2.jpg,null,null,9,null,null
Horror 0,For the level of Horror 0,http://www.filmsite.org/images/horror-genre.jpg,null,null,null,0,null
Horror 1,For the level of Horror 1,http://www.filmsite.org/images/horror-genre.jpg,null,null,null,1,null
Horror 2,For the level of Horror 2,http://www.filmsite.org/images/horror-genre.jpg,null,null,null,2,null
Horror 3,For the level of Horror 3,http://www.filmsite.org/images/horror-genre.jpg,null,null,null,3,null
Horror 4,For the level of Horror ,http://www.filmsite.org/images/horror-genre.jpg,null,null,null,4,null
Horror 5,For the level of Horror 5,http://www.filmsite.org/images/horror-genre.jpg,null,null,null,5,null
Horror 6,For the level of Horror 6,http://www.filmsite.org/images/horror-genre.jpg,null,null,null,6,null
Horror 7,For the level of Horror 7,http://www.filmsite.org/images/horror-genre.jpg,null,null,null,7,null
Horror 8,For the level of Horror 8,http://www.filmsite.org/images/horror-genre.jpg,null,null,null,8,null
Horror 9,For the level of Horror 9,http://www.filmsite.org/images/horror-genre.jpg,null,null,null,9,null
Other 0,For the level of Other 0,http://www.filmsite.org/images/classicfilms-genre.jpg,null,null,null,null,0
Other 1,For the level of Other 1,http://www.filmsite.org/images/classicfilms-genre.jpg,null,null,null,null,1
Other 2,For the level of Other 2,http://www.filmsite.org/images/classicfilms-genre.jpg,null,null,null,null,2
Other 3,For the level of Other 3,http://www.filmsite.org/images/classicfilms-genre.jpg,null,null,null,null,3
Other 4,For the level of Other 4,http://www.filmsite.org/images/classicfilms-genre.jpg,null,null,null,null,4
Other 5,For the level of Other 5,http://www.filmsite.org/images/classicfilms-genre.jpg,null,null,null,null,5
Other 6,For the level of Other 6,http://www.filmsite.org/images/classicfilms-genre.jpg,null,null,null,null,6
Other 7,For the level of Other 7,http://www.filmsite.org/images/classicfilms-genre.jpg,null,null,null,null,7
Other 8,For the level of Other 8,http://www.filmsite.org/images/classicfilms-genre.jpg,null,null,null,null,8
Other 9,For the level of Other 9,http://www.filmsite.org/images/classicfilms-genre.jpg,null,null,null,null,9
